<?xml version="1.0" encoding="UTF-8"?>
<project-private xmlns="http://www.netbeans.org/ns/project-private/1">
    <editor-bookmarks xmlns="http://www.netbeans.org/ns/editor-bookmarks/2" lastBookmarkId="0"/>
    <open-files xmlns="http://www.netbeans.org/ns/projectui-open-files/2">
        <group>
            <file>file:/C:/Users/Henry/Documents/NetBeansProjects/New%20Folder/SE140364_WS4/src/DepartmentManager.java</file>
            <file>file:/C:/Users/Henry/Documents/NetBeansProjects/New%20Folder/SE140364_WS4/src/Department_SE140364.java</file>
            <file>file:/C:/Users/Henry/Documents/NetBeansProjects/New%20Folder/SE140364_WS4/src/Employee_SE140364.java</file>
        </group>
    </open-files>
</project-private>
